INSERT INTO Customer (id, first_name, last_name, address, phone) VALUES(1,'Diego','Monterrosa','Apopa','22160936');
INSERT INTO Customer (id, first_name, last_name, address, phone) VALUES(2,'Daniela','Monterrosa','Apopa','22160936');
INSERT INTO Customer (id, first_name, last_name, address, phone) VALUES(3,'Cesar','Escobar','Merliot','28796365');
INSERT INTO Customer (id, first_name, last_name, address, phone) VALUES(4,'Juan','Castellanos','San Salvador','23971896');
INSERT INTO Customer (id, first_name, last_name, address, phone) VALUES(5,'Katherine','Cortez','Nejapa','28941686');

INSERT INTO Product (id, sku, name, description, price, stock) VALUES (1, '152096', 'Mediocre Iron Computer', 'Decadent abnormal blasphemous unmentionable stygian tentacles. Iridescence non-euclidean foetid accursed shunned tenebrous abnormal.', 72.99, 733);
INSERT INTO Product (id, sku, name, description, price, stock) VALUES (2, '882799', 'Incredible Bronze Shirt', 'Madness cat stench daemoniac dank manuscript indescribable eldritch. Accursed charnel stygian noisome daemoniac singular tenebrous spectral. Charnel furtive nameless comprehension noisome gambrel stygian foetid.', 77.37, 569);
INSERT INTO Product (id, sku, name, description, price, stock) VALUES (3, '343690', 'Gorgeous Leather Lamp', 'Accursed gibbous fainted tentacles decadent iridescence. Tentacles effulgence mortal eldritch tenebrous stygian accursed. Nameless antediluvian ululate daemoniac. Blasphemous cat gibbering fungus comprehension manuscript antiquarian immemorial.', 16.33, 505);
INSERT INTO Product (id, sku, name, description, price, stock) VALUES (4, '124832', 'Mediocre Wooden Bench', 'Mortal gambrel gibbering tenebrous tentacles charnel iridescence. Lurk mortal gibbering shunned antediluvian blasphemous stench tenebrous. Tenebrous cyclopean charnel lurk mortal. Manuscript singular fungus accursed non-euclidean.', 34.81, 428);
INSERT INTO Product (id, sku, name, description, price, stock) VALUES (5, '380430', 'Aerodynamic Rubber Shoes', 'Daemoniac blasphemous antiquarian abnormal comprehension cat stygian noisome. Charnel accursed shunned antiquarian eldritch madness gibbering unmentionable. Tentacles dank gambrel.', 6.85, 771);
INSERT INTO Product (id, sku, name, description, price, stock) VALUES (6, '830769', 'Gorgeous Plastic Computer', 'Accursed foetid squamous. Tenebrous charnel non-euclidean iridescence amorphous shunned. Iridescence eldritch fungus gibbering daemoniac singular. Unmentionable swarthy tenebrous eldritch amorphous accursed squamous.', 78.96, 910);
INSERT INTO Product (id, sku, name, description, price, stock) VALUES (7, '503746', 'Durable Linen Coat', 'Indescribable effulgence mortal cat. Furtive non-euclidean unmentionable abnormal indescribable madness gibbous spectral. Cat dank gibbering. Gibbous unmentionable fainted stench non-euclidean madness effulgence abnormal.', 30.19, 415);
INSERT INTO Product (id, sku, name, description, price, stock) VALUES (8, '352042', 'Enormous Aluminum Lamp', 'Stench cyclopean blasphemous swarthy antediluvian unnamable madness. Gibbering hideous antiquarian shunned unmentionable tentacles. Swarthy loathsome iridescence abnormal foetid spectral unutterable. Dank gibbous unutterable stygian.', 96.31, 153);
INSERT INTO Product (id, sku, name, description, price, stock) VALUES (9, '546673', 'Gorgeous Paper Lamp', 'Stygian unmentionable antediluvian tenebrous. Decadent dank gibbering foetid loathsome. Abnormal stygian antiquarian furtive dank noisome manuscript loathsome. Decadent furtive immemorial comprehension. Non-euclidean spectral gibbering squamous mortal foetid stench.', 93.97, 676);
INSERT INTO Product (id, sku, name, description, price, stock) VALUES (10, '408296', 'Small Leather Table', 'Spectral eldritch tenebrous blasphemous immemorial hideous swarthy. Singular ululate furtive antiquarian effulgence gambrel immemorial. Daemoniac lurk mortal gibbering dank. Gibbous ululate spectral indescribable fungus eldritch.', 9.32, 882);
INSERT INTO Product (id, sku, name, description, price, stock) VALUES (11, '858813', 'Awesome Granite Plate', 'Mortal stygian madness cyclopean blasphemous. Unutterable nameless shunned daemoniac tenebrous spectral gibbous. Shunned daemoniac cyclopean dank abnormal antiquarian.', 40.76, 19);
INSERT INTO Product (id, sku, name, description, price, stock) VALUES (12, '817766', 'Sleek Rubber Computer', 'Ululate charnel antiquarian spectral cat. Furtive non-euclidean hideous antediluvian cyclopean dank accursed unmentionable. Accursed fungus loathsome dank lurk. Immemorial lurk amorphous madness unnamable unmentionable stygian hideous.', 87.77, 911);
INSERT INTO Product (id, sku, name, description, price, stock) VALUES (13, '865716', 'Sleek Rubber Knife', 'Gibbering cat mortal manuscript. Foetid manuscript furtive immemorial singular. Daemoniac shunned eldritch antediluvian. Abnormal blasphemous singular cat gibbous antediluvian stench. Hideous accursed stench madness nameless.', 55.3, 146);
INSERT INTO Product (id, sku, name, description, price, stock) VALUES (14, '793066', 'Durable Marble Plate', 'Hideous swarthy antiquarian daemoniac ululate charnel abnormal unnamable. Spectral effulgence unnamable charnel nameless singular stench squamous. Charnel noisome spectral stygian immemorial. Indescribable dank swarthy blasphemous mortal amorphous accursed gambrel.', 15.95, 183);
INSERT INTO Product (id, sku, name, description, price, stock) VALUES (15, '534855', 'Heavy Duty Plastic Keyboard', 'Shunned loathsome unnamable manuscript. Gibbous decadent antediluvian eldritch. Charnel comprehension furtive immemorial effulgence. Gibbering squamous non-euclidean stench hideous abnormal.', 73.31, 818);
INSERT INTO Product (id, sku, name, description, price, stock) VALUES (16, '465434', 'Practical Marble Car', 'Accursed cyclopean gibbous fainted spectral tentacles. Accursed hideous dank cyclopean fungus. Swarthy mortal cyclopean accursed. Shunned accursed nameless. Indescribable madness stygian nameless.', 8.92, 878);
INSERT INTO Product (id, sku, name, description, price, stock) VALUES (17, '543526', 'Sleek Leather Bag', 'Indescribable foetid stygian stench amorphous squamous. Loathsome madness gibbous ululate stench dank iridescence effulgence. Blasphemous antiquarian manuscript.', 6.38, 88);
INSERT INTO Product (id, sku, name, description, price, stock) VALUES (18, '753220', 'Fantastic Steel Shirt', 'Stygian swarthy ululate nameless squamous furtive. Antediluvian non-euclidean hideous tentacles. Unutterable ululate tentacles squamous singular.', 15.7, 27);
INSERT INTO Product (id, sku, name, description, price, stock) VALUES (19, '527445', 'Practical Concrete Chair', 'Decadent tentacles accursed tenebrous furtive comprehension. Stygian antediluvian hideous. Lurk shunned effulgence antediluvian foetid unutterable manuscript stygian. Ululate swarthy madness fainted cyclopean blasphemous.', 21.08, 401);
INSERT INTO Product (id, sku, name, description, price, stock) VALUES (20, '248471', 'Lightweight Rubber Table', 'Spectral madness foetid. Fungus swarthy amorphous shunned eldritch. Eldritch manuscript tentacles immemorial. Antiquarian effulgence loathsome stygian daemoniac. Fainted foetid unutterable mortal tentacles antediluvian decadent blasphemous.', 3.69, 250);

INSERT INTO Customer_Order (id, order_date, customer_id, total, status) VALUES(1,'2018-05-04',3,1579.2,'Ordered');
INSERT INTO Customer_Order (id, order_date, customer_id, total, status) VALUES(2,'2019-01-05',2,1570,'Delivered');
INSERT INTO Customer_Order (id, order_date, customer_id, total, status) VALUES(3,'2018-08-07',1,89.2,'Cancelled');
INSERT INTO Customer_Order (id, order_date, customer_id, total, status) VALUES(4,'2019-06-09',4,3860.3,'On the way');
INSERT INTO Customer_Order (id, order_date, customer_id, total, status) VALUES(5,'2019-01-04',5,1630.4,'Ordered');
INSERT INTO Customer_Order (id, order_date, customer_id, total, status) VALUES(6,'2019-07-09',3,9057,'Ordered');
INSERT INTO Customer_Order (id, order_date, customer_id, total, status) VALUES(7,'2018-02-03',5,17554,'Cancelled');
INSERT INTO Customer_Order (id, order_date, customer_id, total, status) VALUES(8,'2019-04-06',2,30948,'Cancelled');
INSERT INTO Customer_Order (id, order_date, customer_id, total, status) VALUES(9,'2018-07-09',3,2108,'Delivered');
INSERT INTO Customer_Order (id, order_date, customer_id, total, status)VALUES(10,'2019-06-03',4,110.7,'On the way');

INSERT INTO Order_Line (id, order_id, product_id, quantity, price, total) VALUES(1,2,18,100,15.7,1570);
INSERT INTO Order_Line (id, order_id, product_id, quantity, price, total) VALUES(2,3,16,10,8.92,89.2);
INSERT INTO Order_Line (id, order_id, product_id, quantity, price, total) VALUES(3,1,6,20,78.96,1579.2);
INSERT INTO Order_Line (id, order_id, product_id, quantity, price, total) VALUES(4,10,20,30,3.69,110.7);
INSERT INTO Order_Line (id, order_id, product_id, quantity, price, total) VALUES(5,5,11,40,40.76,1630.4);
INSERT INTO Order_Line (id, order_id, product_id, quantity, price, total) VALUES(6,7,12,200,87.77,17554);
INSERT INTO Order_Line (id, order_id, product_id, quantity, price, total) VALUES(7,6,7,300,30.19,9057);
INSERT INTO Order_Line (id, order_id, product_id, quantity, price, total) VALUES(8,8,2,400,77.37,30948);
INSERT INTO Order_Line (id, order_id, product_id, quantity, price, total) VALUES(9,4,1,50,72.99,3649.5);
INSERT INTO Order_Line (id, order_id, product_id, quantity, price, total) VALUES(10,9,19,100,21.08,2108);
INSERT INTO Order_Line (id, order_id, product_id, quantity, price, total) VALUES(11,4,19,10,21.08,210.8);
